Keyword,Intents,Volume,Keyword Difficulty,CPC,Competition Density,synopsys.com,semiengineering.com,ansys.com,imaginationtech.com,mobileye.com,synopsys.com (pages),semiengineering.com (pages),ansys.com (pages),imaginationtech.com (pages),mobileye.com (pages),Results
autonomous car sensors,Informational,140,20,2.50,0.04,2,31,39,48,6,https://www.synopsys.com/glossary/what-is-autonomous-car.html,https://semiengineering.com/how-many-sensors-for-autonomous-driving/,https://www.ansys.com/blog/how-to-choose-the-right-sensors-for-autonomous-vehicles,https://www.imaginationtech.com/future-of-automotive/how-do-autonomous-cars-work/,https://www.mobileye.com/blog/autonomous-vehicle-day-the-self-driving-stack/,13500000
autonomous driving sensors,Informational,140,28,2.50,0.04,6,27,22,87,4,https://www.synopsys.com/glossary/what-is-autonomous-car.html,https://semiengineering.com/how-many-sensors-for-autonomous-driving/,https://www.ansys.com/blog/how-to-choose-the-right-sensors-for-autonomous-vehicles,https://www.imaginationtech.com/future-of-automotive/how-do-autonomous-cars-work/,https://www.mobileye.com/blog/autonomous-vehicle-day-the-self-driving-stack/,49100000
sensors on autonomous vehicles,Informational,110,27,2.50,0.04,5,12,22,80,9,https://www.synopsys.com/glossary/what-is-autonomous-car.html,https://semiengineering.com/how-many-sensors-for-autonomous-driving/,https://www.ansys.com/blog/how-to-choose-the-right-sensors-for-autonomous-vehicles,https://www.imaginationtech.com/future-of-automotive/how-do-autonomous-cars-work/,https://www.mobileye.com/blog/autonomous-vehicle-day-the-self-driving-stack/,24900000
driverless car sensors,Informational,90,24,3.78,0.08,3,11,37,19,53,https://www.synopsys.com/glossary/what-is-autonomous-car.html,https://semiengineering.com/how-many-sensors-for-autonomous-driving/,https://www.ansys.com/blog/self-driving-cars-sensors-snow,https://www.imaginationtech.com/future-of-automotive/how-do-autonomous-cars-work/,https://www.mobileye.com/,10
self driving car sensors,Informational,90,30,3.78,0.08,4,13,28,18,5,https://www.synopsys.com/glossary/what-is-autonomous-car.html,https://semiengineering.com/how-many-sensors-for-autonomous-driving/,https://www.ansys.com/blog/self-driving-cars-sensors-snow,https://www.imaginationtech.com/future-of-automotive/how-do-autonomous-cars-work/,https://www.mobileye.com/blog/autonomous-vehicle-day-the-self-driving-stack/,10
self driving sensors,Informational,90,24,0.00,0.02,10,6,9,68,5,https://www.synopsys.com/glossary/what-is-autonomous-car.html,https://semiengineering.com/how-many-sensors-for-autonomous-driving/,https://www.ansys.com/blog/how-to-choose-the-right-sensors-for-autonomous-vehicles,https://www.imaginationtech.com/future-of-automotive/how-do-autonomous-cars-work/,https://www.mobileye.com/blog/autonomous-vehicle-day-the-self-driving-stack/,53900000
sensors for autonomous driving,Informational,90,27,2.50,0.04,9,15,10,94,7,https://www.synopsys.com/glossary/what-is-autonomous-car.html,https://semiengineering.com/how-many-sensors-for-autonomous-driving/,https://www.ansys.com/blog/how-to-choose-the-right-sensors-for-autonomous-vehicles,https://www.imaginationtech.com/future-of-automotive/how-do-autonomous-cars-work/,https://www.mobileye.com/blog/autonomous-vehicle-day-the-self-driving-stack/,67400000
sensors in autonomous cars,Informational,90,19,2.65,0.10,6,13,25,73,10,https://www.synopsys.com/glossary/what-is-autonomous-car.html,https://semiengineering.com/how-many-sensors-for-autonomous-driving/,https://www.ansys.com/blog/how-to-choose-the-right-sensors-for-autonomous-vehicles,https://www.imaginationtech.com/future-of-automotive/how-do-autonomous-cars-work/,https://www.mobileye.com/blog/autonomous-vehicle-day-the-self-driving-stack/,10
sensors on self driving cars,Informational,90,24,0.00,0.02,6,27,73,39,8,https://www.synopsys.com/glossary/what-is-autonomous-car.html,https://semiengineering.com/how-many-sensors-for-autonomous-driving/,https://www.ansys.com/blog/how-to-choose-the-right-sensors-for-autonomous-vehicles,https://www.imaginationtech.com/future-of-automotive/how-do-autonomous-cars-work/,https://www.mobileye.com/blog/autonomous-vehicle-day-the-self-driving-stack/,15200000
adas system for cars,Informational,50,51,2.84,0.04,6,74,10,95,4,https://www.synopsys.com/glossary/what-is-adas.html,https://semiengineering.com/knowledge_centers/automotive/assisted-driving-and-autonomous-vehicles/adas-advanced-driver-assistance-systems/,https://www.ansys.com/simulation-topics/what-is-advanced-driver-assistance-system-adas,https://www.imaginationtech.com/glossary/adas/,https://www.mobileye.com/blog/what-is-advanced-driver-assistance-system-adas/,35500000
sensors for self driving cars,Informational,50,22,0.00,0.02,6,11,12,62,23,https://www.synopsys.com/glossary/what-is-autonomous-car.html,https://semiengineering.com/how-many-sensors-for-autonomous-driving/,https://www.ansys.com/blog/how-to-choose-the-right-sensors-for-autonomous-vehicles,https://www.imaginationtech.com/future-of-automotive/how-do-autonomous-cars-work/,https://www.mobileye.com/,15900000
sensors in self driving cars,Informational,40,22,3.78,0.08,10,14,17,35,9,https://www.synopsys.com/glossary/what-is-autonomous-car.html,https://semiengineering.com/how-many-sensors-for-autonomous-driving/,https://www.ansys.com/blog/how-to-choose-the-right-sensors-for-autonomous-vehicles,https://www.imaginationtech.com/future-of-automotive/how-do-autonomous-cars-work/,https://www.mobileye.com/blog/autonomous-vehicle-day-the-self-driving-stack/,10
