Title,Description,Keyword,Position,Previous position,Search Volume,CPC,Visible URL,URL,Traffic,Traffic (%),Traffic Cost,Traffic Cost (%),Competition,Number of Results,Trends,Last Seen,Keyword Difficulty
ECU testing tools,"Hardware-Free ECU Validation — See how TPT enables efficient, automated ECU testing across virtual and real environments.",engine control module testing,1,1,170,2.07,https://www.synopsys.com,https://www.synopsys.com/verification/virtual-prototyping/tpt/test-connect/ecu-testing.html,7,33.33,14.00,45.16,0.39,107000000,"[28,100,28,28,28,23,23,35,100,17,35,23]",2025-11-03,18
Advancing Chiplet Technology,Advance Chiplet-Based Designs — Bring the dream of chiplet integration to reality with Synopsys' multi-die solution. Accelerate your multi-die designs with Synopsys' comprehensive multi-die solution. Connect with us.,chiplet architecture,1,1,90,3.67,https://www.synopsys.com › multi-die,https://www.synopsys.com/multi-die-system.html,4,19.04,14.00,45.16,0.11,10,"[23,41,29,64,64,41,64,29,64,52,82,100]",2025-11-12,8
"Best Power, Performance, Area","Highly Customizable — Achieve silicon success with high-quality, proven & customizable Foundation IP solution.",synopsys china,1,1,90,0.00,https://www.synopsys.com › foundation_ip,https://www.synopsys.com/designware-ip/memories-logic-libraries.html,4,19.04,0.00,0,0,1680000,"[5,5,5,7,5,7,5,5,100,82,43,5]",2025-10-24,52
Software development software,AUTOSAR Testing Tool — Accelerate AUTOSAR test cycles with TPT’s automation and integration tools. Automate...,synopsys eda software,1,1,70,0.00,https://www.synopsys.com,https://www.synopsys.com/verification/virtual-prototyping/tpt/test-connect/autosar-testing.html,3,14.28,0.00,0,0.01,10,"[7,7,7,7,7,7,7,42,42,65,53,26]",2025-11-12,10
Fast Chiplet Interconnect,"Fast Die-to-Die Link — Enable fast, reliable die-to-die connectivity with Synopsys 40G UCIe IP solution. Maximize...",die to die interconnect,1,1,50,0.00,https://www.synopsys.com › die-to-die,https://www.synopsys.com/designware-ip/interface-ip/die-to-die/ucie.html,2,9.52,0.00,0,0.09,10,"[55,55,55,44,55,55,55,55,44,33,77,77]",2025-11-14,6
Synopsys Multi-Die Solution | Advancing Chiplet Technology,Bring the dream of chiplet integration to reality with Synopsys' multi-die solution. Accelerate your multi-die designs with Synopsys' comprehensive multi-die...,chiplet architecture,2,2,90,3.67,https://www.synopsys.com,https://www.synopsys.com/multi-die-system.html,1,4.76,3.00,9.67,0.11,10,"[23,41,29,64,64,41,64,29,64,52,82,100]",2025-11-12,8
Advancing Chiplet Technology,Advance Chiplet-Based Designs — Bring the dream of chiplet integration to reality with Synopsys' multi-die solution,chiplet architecture,3,3,90,3.67,https://www.synopsys.com › multi-die,https://www.synopsys.com/multi-die-system.html,0,0,0.00,0,0.11,10,"[23,41,29,64,64,41,64,29,64,52,82,100]",2025-11-12,8
Automatic Test Setup,"Automated Test Case Generation — Structured, automated testing of models – scalable, efficient, and safety-compliant. Test Your...",tester automatic,9,9,50,0.00,https://www.synopsys.com,https://www.synopsys.com/verification/virtual-prototyping/tpt/test-connect/simulink-testing.html,0,0,0.00,0,0.32,10,"[3,4,4,7,7,9,9,7,7,5,2,2]",2025-11-12,42
Synopsys 3DIC Compiler - 2.5D/3D: The Tech Revolution,Address challenges from early architecture to manufacturing for multi-die design success,siemens 3dic,2,2,30,9.65,https://www.synopsys.com › multi-die,https://www.synopsys.com/multi-die-system.html,0,0,0.00,0,0.44,10,"[14,100,14,14,14,14,14,14,14,14,14,14]",2025-11-13,12
Struggling with Model Testing?,"ISO 26262 Compliant & Scalable — Boost your embedded Simulink test process with TPT. Automate, scale, and validate faster. Test...",coverity synopsys,5,5,40,5.94,https://www.synopsys.com,https://www.synopsys.com/verification/virtual-prototyping/tpt/test-connect/simulink-testing.html,0,0,0.00,0,0.44,10,"[19,19,19,23,23,19,9,9,14,19,14,14]",2025-11-08,9
Requirement-based testing | ISO 26262 Compliant & Scalable,"Boost your embedded Simulink test process with TPT. Automate, scale, and validate faster. Test Your MATLAB/Simulink Models And Generated Code.",coverity synopsys,2,2,40,5.94,https://www.synopsys.com,https://www.synopsys.com/verification/virtual-prototyping/tpt/test-connect/simulink-testing.html,0,0,0.00,0,0.44,10,"[19,19,19,23,23,19,9,9,14,19,14,14]",2025-11-08,9
Guide: Digital Auto Trends | Automotive Exec Guide,Discover actionable insights in our free executive guide for automotive leaders. Get your free executive guide for automotive transformation and best practices.,auto industry report,7,7,70,2.95,https://www.synopsys.com › guide › download,https://www.synopsys.com/resources/rethinking-automotive.html,0,0,0.00,0,0.18,10,"[18,18,100,18,100,100,100,81,18,63,45,45]",2025-11-14,37
Guide: Digital Auto Trends - Automotive Exec Guide,Discover actionable insights in our free executive guide for automotive leaders. Get your free...,auto industry report,4,4,70,2.95,https://www.synopsys.com › guide › download,https://www.synopsys.com/resources/rethinking-automotive.html,0,0,0.00,0,0.18,10,"[18,18,100,18,100,100,100,81,18,63,45,45]",2025-11-14,37
